Network	Number of Genes	Number of Edges	Edge Density
BioGRID	20558	238474.0	0.0011285750227598298
STRING-EXP	14089	141629.0	0.0007075264596215839
InBioMap	17399	644862.0	0.0015751747951312618
GIANT-TN	25689	38904929.0	0.001915289721335134
STRING	17352	3640737.0	0.007196557861190489
